Papel,Cotação,Cot.Máxima,Div.Yield
PETR4,31.97,61.68078666666666,28.939999999999998
PETR3,35.04,61.6704,26.400000000000002
CMIN3,4.09,6.06956,22.259999999999998
CSNA3,11.9,19.500133333333334,24.58
GRND3,7.0,9.552666666666667,20.47
MTRE3,5.48,6.130293333333334,16.78
